{"results": [{"Age": 0.6153846153846153, "Sex": 0.0, "Height": 0.7380952380952381, "Weight": 0.3333333333333333, "BMI": 6118.626430801248, "Prediction": 